{
    "fold_results": [
        {
            "fold": 1,
            "accuracy": 0.9259259259259259,
            "precision": 0.8571428571428571,
            "recall": 0.9473684210526315,
            "f1": 0.9,
            "auc": 0.9684210526315788,
            "confusion_matrix": [
                [
                    32,
                    3
                ],
                [
                    1,
                    18
                ]
            ]
        },
        {
            "fold": 2,
            "accuracy": 0.8703703703703703,
            "precision": 0.8,
            "recall": 0.8421052631578947,
            "f1": 0.8205128205128205,
            "auc": 0.9323308270676691,
            "confusion_matrix": [
                [
                    31,
                    4
                ],
                [
                    3,
                    16
                ]
            ]
        },
        {
            "fold": 3,
            "accuracy": 0.9444444444444444,
            "precision": 0.92,
            "recall": 0.9583333333333334,
            "f1": 0.9387755102040817,
            "auc": 0.9902777777777778,
            "confusion_matrix": [
                [
                    28,
                    2
                ],
                [
                    1,
                    23
                ]
            ]
        }
    ],
    "average_metrics": {
        "accuracy": 0.9135802469135802,
        "precision": 0.859047619047619,
        "recall": 0.9159356725146198,
        "f1": 0.8864294435723008,
        "auc": 0.963676552492342
    },
    "total_metrics": {
        "accuracy": 0.9135802469135802,
        "precision": 0.8636363636363636,
        "recall": 0.9193548387096774,
        "f1": 0.890625,
        "auc": 0.9680645161290322,
        "confusion_matrix": [
            [
                91,
                9
            ],
            [
                5,
                57
            ]
        ]
    }
}