{
    "mean": [
        3.21826499928554,
        3.3342150782260953,
        3.424612697525615,
        3.568043025792012,
        3.48973612201988,
        3.5859340904690082,
        3.369473263916777,
        3.545953979861495,
        3.4227103533625294,
        3.569514752084447,
        1.7934216315690394,
        1.7694915998179677,
        1.7079674276992094,
        1.8767516069781995,
        1.9194076824908637,
        1.7321504600655808,
        1.8278312965380972,
        1.635588805964951,
        1.9539580364909395,
        1.8836808637503766,
        3.5239537671889827,
        3.53499554780008,
        3.4639774640662133,
        3.585762473827746,
        3.6898957708303306,
        3.3906524274363834,
        3.6231707778211732,
        5.834727571922013,
        5.990642995979292,
        5.615503791822309,
        5.695954169511356,
        5.959135563903684,
        5.907775261683115,
        5.520564223488957,
        5.845558793025856,
        6.317642660166884,
        6.226073626970323,
        6.325756375684006,
        6.135557055039935,
        5.928677239600472,
        6.191475708099405,
        6.342900954615571,
        111.91265715685824,
        0.5033600174745064,
        0.4161033550134458,
        6.531992029451249,
        5.882244068062858,
        5.961462255467148,
        6.0946928798843665,
        5.319242922688232,
        5.58563869243012,
        6.1020388923064175,
        6.157606812498823,
        6.438203521170995,
        6.056808857746152,
        6.071887687204175,
        5.733381646079808,
        6.463042866075995,
        6.0467973671680575,
        5.999193922167669,
        5.985995898281704,
        5.947937907547366,
        6.176333128174915,
        5.8739410151155775,
        6.089753864397661,
        5.672386933317989,
        6.226678665800938
    ],
    "scale": [
        1.7739399426677738,
        1.6580727674967128,
        1.6412187130579288,
        1.6591548019004991,
        1.7959068831488496,
        1.499351584307125,
        1.802059149974873,
        1.8116732173223606,
        1.8672713588424532,
        1.5977548337571643,
        1.0213603145466057,
        0.9115029977836393,
        0.9006630796501743,
        0.9708464698128876,
        0.9452838633921721,
        0.9410200929581645,
        0.9747186585977207,
        1.0523372661587638,
        1.0072228591502088,
        0.9296157048301117,
        1.980799798646949,
        1.8452383435843085,
        2.0106875135623765,
        1.899849085311221,
        2.073010893251205,
        1.9977320751352767,
        2.140528202377824,
        3.2654004096835796,
        3.1433063100817566,
        3.232339668973845,
        3.1267221376166807,
        3.4540004968927898,
        3.114733920548377,
        3.207298171626074,
        2.915599590391899,
        2.867219758893158,
        2.7605994516949695,
        2.9495241354126516,
        3.0674075454951617,
        2.656606334947866,
        3.234675113526963,
        3.231114492867055,
        34.68737047249564,
        0.304542926290107,
        0.3044496943230875,
        3.4659727058305205,
        3.253469499548241,
        3.0893835144573005,
        3.2184894386878593,
        2.207634563786918,
        3.2440764152490904,
        3.3171422845973386,
        3.2372122157367085,
        3.4019582443445078,
        3.570781042434891,
        3.0934336483097042,
        3.4119022378718076,
        3.3304896082694104,
        3.0399444902290704,
        3.2631902869137326,
        3.5385342199026724,
        3.0392266579761946,
        3.0893193722711176,
        3.3448264713587967,
        3.484682929370733,
        3.49023964104883,
        3.1357278259295582
    ]
}