pathway,p_value,statistic,high_qvt_mean,low_qvt_mean,fold_change,significant,adjusted_p_value,fdr_significant
WNT,1.470877760512229e-07,5.256168200073646,1.2919135149897016,0.007400413730753889,174.57314712296403,True,1.0296144323585604e-06,True
FGF,0.00030842923226559774,3.6081154615421833,0.9393248797329081,0.0691616951815218,13.581576872393827,True,0.0010795023129295922,True
MAPK,0.9808519960796493,-0.024000768036865964,0.17171744969270014,0.17090948643962575,1.004727433625282,False,0.9808519960796493,False
NOTCH,0.4008933146843341,-0.8400268812903088,0.014435275020220259,0.10293007231837072,0.14024351382529715,False,0.5162180142786081,False
EGFR,0.3745254655099268,-0.8880284173640407,-0.13147917841105816,0.10121374149096178,-1.2990249789629507,False,0.5162180142786081,False
VEGF,0.4424725836673784,-0.7680245771797108,-0.07385659831773564,0.05298681777538405,-1.3938674073770667,False,0.5162180142786081,False
PI3K,0.2983244384987258,-1.040033281597525,-0.19865556106322427,0.11307821043469139,-1.7567978861670992,False,0.5162180142786081,False
